{
  "dataset": "hcrl_ch_dev",
  "roc_auc": 0.9999959966331685,
  "f1": 0.9994848016486347,
  "n_train": 3000,
  "n_test": 2000
}