dataset,model,label_ratio,n,seeds,baseline_f1_mean,baseline_f1_std,baseline_aupr_mean,baseline_aupr_std,baseline_recall_at_fpr_1em04_mean,baseline_recall_at_fpr_1em04_std,best_f1_mean,best_f1_std,best_f1_aupr_mean,best_f1_aupr_std,best_f1_fpr_mean,best_f1_fpr_std,best_f1_recall_at_fpr_1em04_mean,best_f1_recall_at_fpr_1em04_std,best_lowfpr_recall_at_fpr_1em04_mean,best_lowfpr_recall_at_fpr_1em04_std,best_lowfpr_f1_at_1em04_mean,best_lowfpr_f1_at_1em04_std,best_f1_scores,best_lowfpr_scores
ctt_test02,cmf_can,1.0,3,"42,2024,2026",0.160038811123953,0.0,0.9237246260677274,0.011621953826653094,0.7767475035663338,0.024593485524445,0.3329474015986754,0.08136663083802972,0.9275359161603959,0.00529594369388147,0.0,0.0,0.8783880171184023,0.0038603264101591843,0.886055634807418,0.005700558974017751,0.9391322409650265,0.003210205373108059,42:ensemble_a0.75_stats_pca_recon/val_fpr_1em03; 2024:ensemble_a0.25_stats_pca_recon/val_f1; 2026:ensemble_a0.75_stats_pca_recon/val_fpr_1em03,42:ensemble_a0.5_stats_pca_recon/val_f1; 2024:ensemble_a0.25_stats_pca_recon/val_f1; 2026:ensemble_a0.25_stats_pca_recon/val_f1
ctt_test03,cmf_can,1.0,3,"42,2024,2026",0.07430131727086187,0.01139549913529644,0.25054007213068447,0.04355528408839228,0.07191370355573307,0.00903292241111566,0.856672384219554,0.0,0.8456502535105411,1.1102230246251565e-16,0.010439128339125798,1.734723475976807e-18,0.2518311359701691,0.0,0.2518311359701691,0.0,0.40204103327309443,5.551115123125783e-17,42:stats_ledoit_mahal/val_fpr_1em03; 2024:stats_ledoit_mahal/val_fpr_1em03; 2026:stats_ledoit_mahal/val_fpr_1em03,42:stats_ledoit_mahal/val_f1; 2024:stats_ledoit_mahal/val_f1; 2026:stats_ledoit_mahal/val_f1
ctt_test04,cmf_can,1.0,3,"42,2024,2026",0.028433981922047335,0.0060109484214065255,0.22101764745503838,0.04564855139375104,0.0148394241417497,0.01868621051383781,0.24122690225592125,0.008525162060840023,0.11369467330513806,0.007399671063952607,0.0043332440669752335,0.0011325683425408828,0.0,0.0,0.132890365448505,0.0,0.2331002331002331,0.0,42:stats_tail_count/val_f1; 2024:stats_tail_count/val_f1; 2026:ensemble_a0.75_stats_tail_count/val_fpr_1em03,42:stats_pca_recon/val_f1; 2024:stats_pca_recon/val_f1; 2026:stats_pca_recon/val_f1
