dataset,model,seed,label_ratio,baseline_f1,baseline_aupr,baseline_recall_at_fpr_1em04,best_f1_score,best_f1_policy,best_f1,best_f1_aupr,best_f1_fpr,best_f1_recall_at_fpr_1em04,best_lowfpr_score,best_lowfpr_policy,best_lowfpr_recall_at_fpr_1em04,best_lowfpr_f1_at_1em04,best_lowfpr_actual_fpr_at_1em04
ctt_test04,cmf_can,42,1.0,0.028243239786129,0.1655882870835184,0.0033222591362126,ensemble_a0.25_model_attack_prob_rollmean9,val_f1,0.3969289827255278,0.2434151314308815,0.0044607674356325,0.0079734219269102,stats_pca_recon,val_f1,0.132890365448505,0.2331002331002331,8.416542331382226e-05
ctt_test04,cmf_can,2024,1.0,0.0358893777498428,0.2773919660391631,0.0411960132890365,ensemble_a0.25_model_attack_prob_rollmax9,val_f1,0.458252427184466,0.3493299692377108,0.0036726730173304,0.0976744186046511,stats_pca_recon,val_f1,0.132890365448505,0.2331002331002331,8.416542331382226e-05
ctt_test04,cmf_can,2026,1.0,0.0211693282301702,0.2200726892424336,0.0,ensemble_a0.25_model_attack_prob_rollmean9,val_fpr_1em04,0.4820347194186516,0.3047433666127373,0.0028692757947893,0.0,stats_pca_recon,val_f1,0.132890365448505,0.2331002331002331,8.416542331382226e-05
