dataset,model,seed,label_ratio,baseline_f1,baseline_aupr,baseline_recall_at_fpr_1em04,best_f1_score,best_f1_policy,best_f1,best_f1_aupr,best_f1_fpr,best_lowfpr_score,best_lowfpr_policy,best_lowfpr_recall_at_fpr_1em04,best_lowfpr_f1_at_1em04,best_lowfpr_actual_fpr_at_1em04
ctt_test04,cmf_can,42,1.0,0.028243239786129,0.1655882870835184,0.0033222591362126,stats_tail_count,val_f1,0.235198702351987,0.1084623157172673,0.0051340908221431,stats_pca_recon,val_f1,0.132890365448505,0.2331002331002331,8.416542331382226e-05
ctt_test04,cmf_can,2024,1.0,0.0358893777498428,0.2773919660391631,0.0411960132890365,stats_tail_count,val_f1,0.235198702351987,0.1084623157172673,0.0051340908221431,stats_pca_recon,val_f1,0.132890365448505,0.2331002331002331,8.416542331382226e-05
ctt_test04,cmf_can,2026,1.0,0.0211693282301702,0.2200726892424336,0.0,ensemble_a0.75_stats_tail_count,val_fpr_1em03,0.2532833020637898,0.1241593884808796,0.0027315505566395,stats_pca_recon,val_f1,0.132890365448505,0.2331002331002331,8.416542331382226e-05
