model,aupr,auroc,recall_at_fpr_0_0001,recall_at_fpr_0_001,recall_at_fpr_0_01,event_recall,num_events,evidence_status,source
GRAIN window100,0.784533638387578,0.9024154739312792,0.4478405315614618,0.8053156146179402,0.8053156146179402,0.3650107991360691,,score_dump_recomputed,final_grain_can score/event tables
SAFE-CAN GradientBoosting,0.2646623611826009,0.6093984169644827,0.1910980061780398,0.3548862679022746,0.3551670878966582,0.475785225478154,11398.0,score_dump_recomputed,test04_public_reproduction score dumps
CAN-Transformer+ same-ID,0.2843304147194598,0.7876086279853973,0.13554817275747508,0.1681063122923588,0.3495016611295681,0.13606911447084233,463.0,score_dump_recomputed,results/cmf_predictions/ctt_test04_can_transformer_plus_sameid_predictions.csv
Old window100 Transformer,0.173221021484981,0.6453148850656452,0.011960132890365448,0.1461794019933555,0.2764119601328904,1.0,463.0,score_dump_recomputed,results/cmf_predictions/ctt_test04_transformer_predictions.csv
CMF-CAN,0.16559382245663523,0.6845496787618558,0.0033222591362126247,0.12757475083056477,0.2956810631229236,0.8531317494600432,463.0,score_dump_recomputed,results/cmf_predictions/ctt_test04_cmf_can_predictions.csv
Public-default HistGradientBoosting,0.0118624612579317,0.5350695347898087,0.0095478798090424,0.0108817747823645,0.0718899185622016,0.1637129320933497,11398.0,score_dump_recomputed,test04_public_reproduction score dumps
No-timestamp HistGradientBoosting,0.0118624612579317,0.5350695347898087,0.0095478798090424,0.0108817747823645,0.0718899185622016,0.1637129320933497,11398.0,score_dump_recomputed,test04_public_reproduction score dumps
Predict all normal,0.0026724392684081,,0.0,0.0,0.0,0.0,,derived,derived_trivial_baseline
