dataset,policy,alpha_supervised,threshold,precision,recall,f1,auroc,aupr,fpr,fnr,recall_at_fpr_1em04,recall_at_fpr_5em04,recall_at_fpr_1em03
ctt_test03,supervised_only,,0.04907887115942295,0.8084413334257399,0.5601440576230492,0.6617688772905203,0.7283831430615649,0.5208897577478726,0.0003208562357434311,0.4398559423769508,0.4432172869147659,0.5601440576230492,0.5601440576230492
ctt_test03,normality_only,,0.08942606300115585,0.0024197893569007454,1.0,0.004827896221907498,0.3296824206754365,0.0017198857243841846,0.9966156864338408,0.0,0.0,0.0,0.0
ctt_test03,max_supervised_normality,,0.5245394355797115,0.0025097798735998493,0.999951980792317,0.005006992694248487,0.335566060541078,0.0019191627056252692,0.9607482776033293,4.801920768307323e-05,0.0,0.0,0.0
ctt_test03,val_selected_alpha_mix,0.5,0.5245394355797115,0.8099007151287926,0.5601440576230492,0.6622572953332577,0.7393705185507389,0.4705454650830859,0.0003178380511814451,0.4398559423769508,0.37867947178871547,0.5601440576230492,0.5601440576230492
ctt_test04,supervised_only,,0.04907887115942295,0.6336088154269972,0.2260600954787981,0.3332298458035806,0.48117097647205437,0.14197882114306132,0.00014099319635892265,0.7739399045212019,0.11766357764672845,0.2266919404661612,0.2266919404661612
ctt_test04,normality_only,,0.08942606300115585,0.0010915918353496367,0.993681550126369,0.0021807880034164753,0.5281394368773321,0.0011423592979935707,0.9807607135709586,0.006318449873631003,0.0,0.0,0.0
ctt_test04,max_supervised_normality,,0.5245394355797115,0.0011461339041890335,0.9885565852288682,0.0022896132275611477,0.5282572344758764,0.0011425026499790592,0.9292200524431085,0.011443414771131704,0.0,0.0,0.0
ctt_test04,val_selected_alpha_mix,0.5,0.5245394355797115,0.6398566593669122,0.2256388654872227,0.3336274458919396,0.5118374431831779,0.14416194871845234,0.00013697996359467832,0.7743611345127773,0.11991013760179725,0.2262707104745858,0.2262707104745858
